{"cameraMode":{"drawMode":0,"name":"Shaded","section":"Shading Mode"},"sceneLighting":true,"audioPlay":false,"sceneViewState":{"m_AlwaysRefresh":false,"showFog":true,"showSkybox":true,"showFlares":true,"showImageEffects":true,"showParticleSystems":true,"showVisualEffectGraphs":true,"m_FxEnabled":true},"in2DMode":false,"pivot":{"x":-14.640000343322754,"y":0.23999999463558198,"z":-10.720000267028809},"rotation":{"x":0.04584157466888428,"y":-0.04194369912147522,"z":0.001926372293382883,"w":0.9980714321136475},"size":4.754829406738281,"orthographic":true}